chr,pos_CYP2D6,base_CYP2D6,pos_CYP2D7,base_CYP2D7,annotation
chr22,42123196,G,42135348,A,downstream_exon9
chr22,42123210,A,42135362,G,downstream_exon9
chr22,42123213,C,42135365,T,downstream_exon9
chr22,42125946,A,42138098,G,downstream_exon9
chr22,42125989,A,42139702,G,downstream_exon9
chr22,42126022,C,42139735,T,downstream_exon9
chr22,42126101,G,42139807,A,downstream_exon9
chr22,42126625,A,42140329,G,exon9
chr22,42126627,A,42140331,C,exon9
chr22,42126633,C,42140337,G,exon9
chr22,42126636,G,42140340,A,exon9
chr22,42126658,A,42140362,G,exon9
chr22,42126660,T,42140364,C,exon9
chr22,42126663,G,42140367,C,exon9
chr22,42126667,C,42140371,G,exon9
chr22,42127634,C,42141339,A,exon7
chr22,42127707,A,42141399,G,intron6
chr22,42127718,G,42141410,A,intron6
chr22,42127721,C,42141413,T,intron6
chr22,42127734,T,42141426,G,intron6
chr22,42127740,T,42141432,C,intron6
chr22,42127743,A,42141435,C,intron6
chr22,42127753,T,42141445,G,intron6
chr22,42127755,G,42141447,A,intron6
chr22,42127774,A,42141466,T,intron6
chr22,42127778,T,42141470,C,intron6
chr22,42127779,T,42141471,C,intron6
chr22,42127782,T,42141474,G,intron6
chr22,42127791,G,42141483,A,intron6
chr22,42127792,C,42141484,G,intron6
chr22,42127811,G,42141503,A,intron6
chr22,42127813,C,42141505,T,intron6
chr22,42127820,A,42141512,C,intron6
chr22,42127821,C,42141513,T,intron6
chr22,42127824,T,42141516,G,intron6
chr22,42127825,T,42141517,G,intron6
chr22,42127826,T,42141518,C,intron6
chr22,42127832,A,42141524,C,intron6
chr22,42127853,G,42141545,A,exon6
chr22,42127916,G,42141608,A,exon6
chr22,42127917,A,42141609,G,exon6
chr22,42127973,T,42141665,C,exon6
chr22,42128001,C,42141693,G,intron5
chr22,42128012,C,42141706,T,intron5
chr22,42128406,A,42142100,C,intron4
chr22,42128433,T,42142127,A,intron4
chr22,42128542,T,42142238,C,intron4
chr22,42128543,G,42142239,A,intron4
chr22,42128711,C,42142406,G,intron4
chr22,42129037,G,42142732,T,exon3
chr22,42129208,C,42142903,G,intron2
chr22,42129213,G,42142908,T,intron2
chr22,42129225,A,42142920,C,intron2
chr22,42129228,A,42142923,G,intron2
chr22,42129237,A,42142932,C,intron2
chr22,42129241,A,42142936,G,intron2
chr22,42129290,T,42142986,C,intron2
chr22,42129292,T,42142988,G,intron2
chr22,42129303,T,42142999,G,intron2
chr22,42129322,T,42143018,C,intron2
chr22,42129323,G,42143019,T,intron2
chr22,42129326,T,42143022,C,intron2
chr22,42129340,T,42143036,C,intron2
chr22,42129343,G,42143039,C,intron2
chr22,42129351,A,42143047,G,intron2
chr22,42129358,T,42143054,G,intron2
chr22,42129394,G,42143090,C,intron2
chr22,42129439,T,42143130,C,intron2
chr22,42129440,T,42143131,C,intron2
chr22,42129608,T,42143265,C,intron2
chr22,42129636,G,42143298,T,intron2
chr22,42129687,T,42143357,C,intron2
chr22,42129688,C,42143358,T,intron2
chr22,42129689,A,42143359,G,intron2
chr22,42129690,C,42143360,T,intron2
chr22,42129731,T,42143403,C,intron2
chr22,42129765,T,42143437,C,exon2
chr22,42129770,G,42143442,T,exon2
chr22,42129771,T,42143443,A,exon2
chr22,42129779,A,42143451,G,exon2
chr22,42130469,C,42144141,T,intron1
chr22,42130475,T,42144147,C,intron1
chr22,42130538,C,42144210,A,intron1
chr22,42130684,G,42144357,A,exon1
chr22,42130690,T,42144363,C,exon1
chr22,42130715,C,42144388,T,exon1
chr22,42130792,A,42144465,G,exon1
chr22,42130793,C,42144466,G,exon1
chr22,42130809,A,42144482,C,exon1
chr22,42131016,T,42144689,C,upstream_exon1
chr22,42131023,C,42144696,G,upstream_exon1
chr22,42131058,C,42144731,G,upstream_exon1
chr22,42131059,C,42144732,T,upstream_exon1
chr22,42131063,G,42144736,A,upstream_exon1
chr22,42131066,G,42144739,A,upstream_exon1
chr22,42131067,G,42144740,A,upstream_exon1
chr22,42131111,T,42144784,C,upstream_exon1
chr22,42131112,G,42144785,C,upstream_exon1
chr22,42131118,T,42144791,C,upstream_exon1
chr22,42131119,G,42144792,A,upstream_exon1
chr22,42131122,A,42144795,C,upstream_exon1
chr22,42131125,C,42144798,G,upstream_exon1
chr22,42131145,T,42144818,C,upstream_exon1
chr22,42131528,T,42145201,C,upstream_exon1
